name,policy_id,policy_start,policy_end,domain,accident_date,claim_amount,document,is_valid_claim,reason
Valid Vehicle,VHC-1001,1/1/2025,12/31/2025,Auto_Insurance,6/20/2025,5000,Invoice from AutoFix Garage dated 2024-08-12. Describes front bumper and left headlight replacement. Estimated repair cost: ?28,500. Signed by the garage manager.
,500. Signed by the garage manager.
",TRUE,"All required documents provided, policy active, damage covered under collision terms, no fraud detected."
Valid Medical,HLT-2001,1/1/2025,12/31/2025,Health_Insurance,5/15/2025,12000,hospital_bill_knee_surgery.pdf,TRUE,"Medically necessary procedure, in-network provider, complete documentation, policy active."
Stolen Vehicle Claim,VHC-1002,1/1/2025,12/31/2025,Auto_Insurance,6/5/2025,25000,"Police Report filed on 2024-08-10 by Mr. Rohan Malhotra at Pune City Police Station.  
Incident: Reported vehicle theft of a silver Maruti Baleno, license plate MH12AB4567.  
Location of Theft: Parking lot near Seasons Mall, Magarpatta.  
Time: Approximately between 8:30 PM and 11:00 PM on 2024-08-09.  
Details: The vehicle was parked and locked. Upon return, it was missing. No signs of forced entry were found.  
Eyewitness: Security guard reported suspicious individual near the vehicle around 9:15 PM.  
FIR No: 8234/2024  
Investigating Officer: Sub-Inspector Priya Deshmukh  
Status: Investigation ongoing. Theft confirmed.",TRUE,"Theft covered under comprehensive terms, police report and ownership proof provided, policy active."
Water Damage Claim,HOM-3002,1/1/2025,12/31/2025,Homeowners Insurance (HO-3 Policy),3/12/2025,6000,plumber_report.pdf,TRUE,"Burst pipe covered, complete documentation including mitigation efforts, policy active."
Outpatient Procedure Claim,HLT-2002,1/1/2025,12/31/2025,Health Insurance (Major Medical Plan),6/10/2025,3000,colonoscopy_bill.pdf,TRUE,"Medically necessary procedure, in-network provider, timely submission, policy active."
Travel Insurance Trip Cancellation,TRV-5001,1/1/2025,12/31/2025,Travel Insurance,5/28/2025,4000,medical_emergency_letter.pdf,TRUE,"Covered medical emergency, non-refunded expenses documented, policy active."
Vandalism Property Claim,COM-6001,1/1/2025,12/31/2025,Commercial Property Insurance,6/15/2025,3500,police_report_vandalism.pdf,TRUE,"Vandalism covered, police report and repair estimates provided, policy active."
Home Windstorm Claim,HOM-3001,1/1/2025,12/31/2025,Homeowners Insurance (HO-3 Policy),4/25/2025,15000,roof_repair_estimate.png,TRUE,"Covered peril (windstorm), proof of loss submitted, mitigation efforts documented, policy active."
Workplace Injury Claim,WCP-4001,1/1/2025,12/31/2025,Workers? Compensation Insurance,2/20/2025,15000,incident_report.pdf,TRUE,"Work-related injury verified, complete documentation, no fraud, policy active."
Life Insurance Payout,LIF-7001,1/1/2025,12/31/2025,Term Life Insurance,4/18/2025,100000,death_certificate.pdf,TRUE,"Named beneficiary, certified death certificate, no exclusions, policy active."
Missing Document,HOM-3003,1/1/2025,12/31/2025,Homeowners Insurance (HO-3 Policy),6/18/2025,7000,repair_estimate.png,FALSE,Missing proof of loss form required for claim validation.
Duplicate Bill,HLT-2003,1/1/2025,12/31/2025,Health Insurance (Major Medical Plan),5/12/2025,10000,hospital_bill_duplicate.pdf,FALSE,Duplicate bills submitted for the same service.
Mid-level Fraud,VHC-1003,1/1/2025,12/31/2025,Auto Insurance (Collision Coverage),6/9/2025,15000,repair_estimate_exaggerated.pdf,FALSE,Exaggerated damages in repair estimate inconsistent with police report.
High Fraud,LIF-7002,1/1/2025,12/31/2025,Term Life Insurance,3/10/2025,200000,altered_death_certificate.pdf,FALSE,"Altered death certificate detected, indicating fraudulent claim."
Policy Lapse,COM-6002,1/1/2024,12/31/2024,Commercial Property Insurance,1/8/2025,50000,fire_department_report.pdf,FALSE,Policy lapsed due to unpaid premiums before incident date.
Invalid Beneficiary Claim,LIF-7003,1/1/2025,12/31/2025,Term Life Insurance,6/3/2025,150000,death_certificate.pdf,FALSE,Claimant is not the named beneficiary or legally entitled to proceeds.
Incorrect Repair Estimate,HOM-3004,1/1/2025,12/31/2025,Homeowners Insurance (HO-3 Policy),4/12/2025,10000,repair_estimate_upgrades.pdf,FALSE,Repair estimate includes unrelated upgrades not covered by policy.
Expired Coverage Claim,HLT-2004,1/1/2024,12/31/2024,Health Insurance (Major Medical Plan),1/22/2025,8000,medical_bill.pdf,FALSE,Policy expired before the date of medical service.
Flood Damage Claim,HOM-3005,1/1/2025,12/31/2025,Homeowners Insurance (HO-3 Policy),6/22/2025,20000,flood_damage_photos.png,FALSE,Flood damage not covered under standard HO-3 policy.
Suspicious Injury Claim,WCP-4002,1/1/2025,12/31/2025,Workers? Compensation Insurance,5/27/2025,20000,incident_report_conflicting.pdf,FALSE,Conflicting witness statements indicate potential staged injury.
