name,policy_id,policy_start,policy_end,claim_type,accident_date,claim_amount,document,is_valid_claim,reason,document_path
Valid Vehicle,VHC-1001,2025-01-01,2025-12-31,Auto Insurance (Collision Coverage),2025-06-20,5000,repair_bill_vehicle.pdf,True,"All required documents provided, policy active, damage covered under collision terms, no fraud detected.",C:\Pranav\claim_documents\repair_bill_vehicle.pdf
Valid Medical,HLT-2001,2025-01-01,2025-12-31,Health Insurance (Major Medical Plan),2025-05-15,12000,hospital_bill_knee_surgery.pdf,True,"Medically necessary procedure, in-network provider, complete documentation, policy active.",C:\Pranav\claim_documents\hospital_bill_knee_surgery.pdf
Stolen Vehicle Claim,VHC-1002,2025-01-01,2025-12-31,Auto Insurance (Comprehensive Coverage),2025-06-05,25000,police_report_theft.pdf,True,"Theft covered under comprehensive terms, police report and ownership proof provided, policy active.",C:\Pranav\claim_documents\police_report_theft.pdf
Water Damage Claim,HOM-3002,2025-01-01,2025-12-31,Homeowners Insurance (HO-3 Policy),2025-03-12,6000,plumber_report.pdf,True,"Burst pipe covered, complete documentation including mitigation efforts, policy active.",C:\Pranav\claim_documents\plumber_report.pdf
Outpatient Procedure Claim,HLT-2002,2025-01-01,2025-12-31,Health Insurance (Major Medical Plan),2025-06-10,3000,colonoscopy_bill.pdf,True,"Medically necessary procedure, in-network provider, timely submission, policy active.",C:\Pranav\claim_documents\colonoscopy_bill.pdf
Travel Insurance Trip Cancellation,TRV-5001,2025-01-01,2025-12-31,Travel Insurance,2025-05-28,4000,medical_emergency_letter.pdf,True,"Covered medical emergency, non-refunded expenses documented, policy active.",C:\Pranav\claim_documents\medical_emergency_letter.pdf
Vandalism Property Claim,COM-6001,2025-01-01,2025-12-31,Commercial Property Insurance,2025-06-15,3500,police_report_vandalism.pdf,True,"Vandalism covered, police report and repair estimates provided, policy active.",C:\Pranav\claim_documents\police_report_vandalism.pdf
Home Windstorm Claim,HOM-3001,2025-01-01,2025-12-31,Homeowners Insurance (HO-3 Policy),2025-04-25,15000,roof_repair_estimate.png,True,"Covered peril (windstorm), proof of loss submitted, mitigation efforts documented, policy active.",C:\Pranav\claim_documents\roof_repair_estimate.png
Workplace Injury Claim,WCP-4001,2025-01-01,2025-12-31,Workers’ Compensation Insurance,2025-02-20,15000,incident_report.pdf,True,"Work-related injury verified, complete documentation, no fraud, policy active.",C:\Pranav\claim_documents\incident_report.pdf
Life Insurance Payout,LIF-7001,2025-01-01,2025-12-31,Term Life Insurance,2025-04-18,100000,death_certificate.pdf,True,"Named beneficiary, certified death certificate, no exclusions, policy active.",C:\Pranav\claim_documents\death_certificate.pdf
Missing Document,HOM-3003,2025-01-01,2025-12-31,Homeowners Insurance (HO-3 Policy),2025-06-18,7000,repair_estimate.png,False,Missing proof of loss form required for claim validation.,C:\Pranav\claim_documents\repair_estimate.png
Duplicate Bill,HLT-2003,2025-01-01,2025-12-31,Health Insurance (Major Medical Plan),2025-05-12,10000,hospital_bill_duplicate.pdf,False,Duplicate bills submitted for the same service.,C:\Pranav\claim_documents\hospital_bill_duplicate.pdf
Mid-level Fraud,VHC-1003,2025-01-01,2025-12-31,Auto Insurance (Collision Coverage),2025-06-09,15000,repair_estimate_exaggerated.pdf,False,Exaggerated damages in repair estimate inconsistent with police report.,C:\Pranav\claim_documents\repair_estimate_exaggerated.pdf
High Fraud,LIF-7002,2025-01-01,2025-12-31,Term Life Insurance,2025-03-10,200000,altered_death_certificate.pdf,False,"Altered death certificate detected, indicating fraudulent claim.",C:\Pranav\claim_documents\altered_death_certificate.pdf
Policy Lapse,COM-6002,2024-01-01,2024-12-31,Commercial Property Insurance,2025-01-08,50000,fire_department_report.pdf,False,Policy lapsed due to unpaid premiums before incident date.,C:\Pranav\claim_documents\fire_department_report.pdf
Invalid Beneficiary Claim,LIF-7003,2025-01-01,2025-12-31,Term Life Insurance,2025-06-03,150000,death_certificate.pdf,False,Claimant is not the named beneficiary or legally entitled to proceeds.,C:\Pranav\claim_documents\death_certificate.pdf
Incorrect Repair Estimate,HOM-3004,2025-01-01,2025-12-31,Homeowners Insurance (HO-3 Policy),2025-04-12,10000,repair_estimate_upgrades.pdf,False,Repair estimate includes unrelated upgrades not covered by policy.,C:\Pranav\claim_documents\repair_estimate_upgrades.pdf
Expired Coverage Claim,HLT-2004,2024-01-01,2024-12-31,Health Insurance (Major Medical Plan),2025-01-22,8000,medical_bill.pdf,False,Policy expired before the date of medical service.,C:\Pranav\claim_documents\medical_bill.pdf
Flood Damage Claim,HOM-3005,2025-01-01,2025-12-31,Homeowners Insurance (HO-3 Policy),2025-06-22,20000,flood_damage_photos.png,False,Flood damage not covered under standard HO-3 policy.,C:\Pranav\claim_documents\flood_damage_photos.png
Suspicious Injury Claim,WCP-4002,2025-01-01,2025-12-31,Workers’ Compensation Insurance,2025-05-27,20000,incident_report_conflicting.pdf,False,Conflicting witness statements indicate potential staged injury.,C:\Pranav\claim_documents\incident_report_conflicting.pdf
