name,policy_id,policy_start,policy_end,claim_type,accident_date,claim_amount,is_valid_claim,covered_rules,notes,document,document_path,broad_categories,json_output,Final Output
Valid Vehicle,VHC-1001,1/1/2025,12/31/2025,Auto Insurance (Collision Coverage),6/20/2025,5000,TRUE,"{'document_verification_agent': ['police_report_validity: The police report must be complete and legible.', 'photos_authenticity: Photographic evidence of the damage must be recent and consistent with the reported incident.', 'repair_estimate_validity: Repair estimates must be provided with details from recognized service providers.', ""proof_of_insurance_validity: The submitted proof of insurance must match the policyholder's information and be current.""], 'eligibility_checker_agent': ['policy_active_status: The policy must be active with all premiums paid up to date at the time of the incident.', 'coverage_compliance: The damages claimed must fall under collision coverage as outlined in the policy terms.', 'incident_date_verification: The incident must occur within the covered policy period.', 'driver_eligibility: The driver involved in the incident must be authorized and covered by the policy.'], 'fraud_checker_agent': ['damage_consistency: The claimed damages must align with the police report and photographic evidence.', 'repair_estimate_inconsistencies: Flag repair estimates that include damage not documented in the police report or photos.', 'duplicate_claim_prevention: Check for prior submissions of similar claims by the policyholder.', 'incident_veracity: Verify that the reported incident details are not fabricated or exaggerated using external data and patterns.']}","['document_verification_agent - police_report_validity: The police report is complete and legible, as inferred from the valid claim status.', 'document_verification_agent - photos_authenticity: Photographic evidence is recent and consistent, as inferred from the valid claim status.', 'document_verification_agent - repair_estimate_validity: Repair estimates are valid, as inferred from the valid claim status.', 'document_verification_agent - proof_of_insurance_validity: Proof of insurance is valid, as inferred from the valid claim status.', 'fraud_checker_agent - damage_consistency: Damages align with evidence, as inferred from the valid claim status.', 'fraud_checker_agent - repair_estimate_inconsistencies: No inconsistencies in repair estimates, as inferred from the valid claim status.', 'eligibility_checker_agent - driver_eligibility: The driver is authorized and covered by the policy, as inferred from the valid claim status.', 'fraud_checker_agent - duplicate_claim_prevention: No prior similar claims detected, as inferred from the valid claim status.', 'fraud_checker_agent - incident_veracity: The incident details are not fabricated or exaggerated, as inferred from the valid claim status.']",repair_bill_vehicle.pdf,C:\Pranav\claim_documents\repair_bill_vehicle.pdf,Vehicle,"[
  {
    ""timestamp"": ""2025-06-26T16:45:00"",
    ""claim_id"": ""CLM_VHC-1001"",
    ""step"": ""document_verification_agent"",
    ""status"": ""passed"",
    ""reason"": ""All document verification rules, including police report validity, photographic evidence authenticity, repair estimate validity, and proof of insurance validity, were explicitly validated in the notes."",
    ""confidence"": 0.9
  },
  {
    ""timestamp"": ""2025-06-26T16:45:00"",
    ""claim_id"": ""CLM_VHC-1001"",
    ""step"": ""eligibility_checker_agent"",
    ""status"": ""passed"",
    ""reason"": ""Policy active status and coverage compliance inferred from policy start and end dates and claim details; incident date verification and driver eligibility are explicitly validated in the notes."",
    ""confidence"": 0.85
  },
  {
    ""timestamp"": ""2025-06-26T16:45:00"",
    ""claim_id"": ""CLM_VHC-1001"",
    ""step"": ""fraud_checker_agent"",
    ""status"": ""passed"",
    ""reason"": ""All fraud-related subagents reported successful validations."",
    ""confidence"": 0.9,
    ""subagents"": [
      {
        ""subagent"": ""damage_consistency"",
        ""status"": ""passed"",
        ""reason"": ""The police report and photo evidence align with the reported damage."",
        ""confidence"": 0.9
      },
      {
        ""subagent"": ""repair_estimate_inconsistencies"",
        ""status"": ""passed"",
        ""reason"": ""Repair estimates matched the documented damage in police report and photos."",
        ""confidence"": 0.9
      },
      {
        ""subagent"": ""duplicate_claim_prevention"",
        ""status"": ""passed"",
        ""reason"": ""No prior similar claims were found for this policyholder."",
        ""confidence"": 0.9
      },
      {
        ""subagent"": ""incident_veracity"",
        ""status"": ""passed"",
        ""reason"": ""No anomalies or fabrications detected in incident details using available patterns and checks."",
        ""confidence"": 0.9
      }
    ]
  }
]
","{
  ""summary"": ""The claim passed all stages of evaluation. The Document Verification Agent confirmed the authenticity of all required documents, including the police report, photographs, repair estimates, and insurance proof. The Eligibility Checker validated that the policy was active during the incident, the driver was eligible, and the incident date aligned with policy coverage. Finally, the Fraud Checker found no evidence of fraud, confirming consistency in reported damage, valid repair estimates, and no duplicate claims."",
  ""decision"": {
    ""Final decision"": ""approved"",
    ""Amount payable"": 5000,
    ""Reason"": ""The claim was approved as it met all validation checks with high confidence across documentation, eligibility, and fraud detection stages.""
  }
}
"
Valid Medical,HLT-2001,1/1/2025,12/31/2025,Health Insurance (Major Medical Plan),5/15/2025,12000,TRUE,"{'document_verification_agent': ['submitted_documents_completeness: All required documents, such as medical bills, medical records, and proof of payment, must be provided.', 'authenticity_check: Submitted documents must be genuine and free from tampering or forgery.', 'duplicate_document_check: Ensure that no duplicate bills or records are submitted for the same service.', 'provider_details_verification: Verify that provider information (e.g., hospital or surgeon) on submitted documents matches official records.', 'service_date_verification: Confirm that the service dates on documents are clearly stated and align with the claimed event.'], 'eligibility_checker_agent': ['policy_active_status: The policy must be active with premiums paid at the time of the claimed service.', 'coverage_scope_check: Verify that the claimed service is covered under the Major Medical Plan.', 'network_status_verification: Confirm whether the provider is in-network for the policy, as this may impact eligibility or benefit levels.', 'medical_necessity_review: Confirm the medical necessity of the claimed procedure based on submitted medical records.', 'claim_timing_check: Ensure that the claim submission is within the allowable time frame defined in the policy.'], 'fraud_checker_agent': ['duplicate_claim_review: Investigate if identical or overlapping claims for the same service have been previously submitted.', 'inconsistency_detection: Check for inconsistencies between submitted documents (e.g., mismatched dates or amounts).', 'provider_verification: Confirm that the listed provider exists and is not a fabricated entity.', ""service_reasonability_check: Evaluate whether the claimed medical services align with the policyholder's medical history and condition."", 'coverage_expiration_fraud_check: Investigate claims submitted for services rendered after the policy expiration date.']}","['document_verification_agent - submitted_documents_completeness: All required documents have likely been provided, as inferred from the valid claim status.', 'document_verification_agent - authenticity_check: Submitted documents are genuine, as inferred from the valid claim status.', 'document_verification_agent - duplicate_document_check: No duplicate bills or records have been submitted, as inferred from the valid claim status.', 'document_verification_agent - provider_details_verification: Provider information matches official records, as inferred from the valid claim status.', 'document_verification_agent - service_date_verification: Service dates on documents align with the claimed event, as inferred from the valid claim status.', ""eligibility_checker_agent - network_status_verification: The provider's network status is appropriate for the policy, as inferred from the valid claim status."", 'eligibility_checker_agent - medical_necessity_review: The claimed procedure is medically necessary, as inferred from the valid claim status.', 'eligibility_checker_agent - claim_timing_check: The claim submission is within the allowable time frame, as inferred from the valid claim status.', 'fraud_checker_agent - duplicate_claim_review: No identical or overlapping claims have been submitted, as inferred from the valid claim status.', 'fraud_checker_agent - inconsistency_detection: No inconsistencies exist between submitted documents, as inferred from the valid claim status.', 'fraud_checker_agent - provider_verification: The listed provider exists and is valid, as inferred from the valid claim status.', ""fraud_checker_agent - service_reasonability_check: The claimed services align with the policyholder's medical history and condition, as inferred from the valid claim status.""]",hospital_bill_knee_surgery.pdf,C:\Pranav\claim_documents\hospital_bill_knee_surgery.pdf,Medical,,
Stolen Vehicle Claim,VHC-1002,1/1/2025,5/31/2025,Auto Insurance (Comprehensive Coverage),6/5/2025,25000,FALSE,"{'document_verification_agent': ['police_report_provided: A valid police report must be submitted for stolen vehicle claims.', 'vehicle_registration: The vehicle registration document must be submitted and authentic.', 'ownership_proof: Proof of ownership must be provided and verified as genuine.', 'document_completeness: All required documents must be complete without missing pages or information.', 'document_authenticity: Submitted documents must be cross-verified to eliminate forgery.'], 'eligibility_checker_agent': ['policy_active_status: The policy must be active with all premiums paid at the time of the incident.', 'policy_inclusion: The stolen vehicle scenario must fall within the covered perils under comprehensive coverage.', 'incident_timeline: The reported theft must have occurred within the policy period.', 'ownership_verification: The claimant must be the policyholder or legally authorized to make the claim.', 'anti-theft_coverage: If required by the policy, proof of anti-theft device usage must be checked.'], 'fraud_checker_agent': ['inconsistent_details: Verify all details of the theft report are consistent across documents.', 'backdated_claim: Ensure the claim was not filed for a theft incident occurring before coverage inception.', 'duplicate_claim: Cross-check for previous claims on the same incident or vehicle.', 'false_documentation: Scrutinize for fake or altered documents provided with the claim.', 'exaggeration_signs: Look for signs that may indicate overstatement or misrepresentation of the theft.']}","['document_verification_agent - police_report_provided: The police report has been provided, as inferred from the valid claim status.', 'document_verification_agent - vehicle_registration: The vehicle registration document is authentic, as inferred from the valid claim status.', 'document_verification_agent - ownership_proof: Proof of ownership is genuine, as inferred from the valid claim status.', 'document_verification_agent - document_completeness: All required documents are complete without missing pages or information, as inferred from the valid claim status.', 'document_verification_agent - document_authenticity: Submitted documents are authentic and free of forgery, as inferred from the valid claim status.', 'fraud_checker_agent - inconsistent_details: Details in the theft report are consistent across documents, as inferred from the valid claim status.', 'fraud_checker_agent - backdated_claim: No indication of a backdated claim, as inferred from the valid claim status.', 'fraud_checker_agent - duplicate_claim: No previous claims on the same incident or vehicle detected, as inferred from the valid claim status.', 'fraud_checker_agent - false_documentation: No signs of fake or altered documents, as inferred from the valid claim status.', 'fraud_checker_agent - exaggeration_signs: No signs of overstatement or misrepresentation of the theft, as inferred from the valid claim status.']",police_report_theft.pdf,C:\Pranav\claim_documents\police_report_theft.pdf,Vehicle,"[
  {
    ""timestamp"": ""2025-06-30T11:00:00"",
    ""claim_id"": ""CLM_VHC-1002"",
    ""step"": ""document_verification_agent"",
    ""status"": ""passed"",
    ""reason"": ""All required documents including FIR, repair estimate, and insurance proof were verified and found to be valid."",
    ""confidence"": 0.92
  },
  {
    ""timestamp"": ""2025-06-30T11:01:10"",
    ""claim_id"": ""CLM_VHC-1002"",
    ""step"": ""eligibility_checker_agent"",
    ""status"": ""failed"",
    ""reason"": ""Policy was not active at the time of the accident. Accident date was 2025-06-20, but policy coverage started from 2025-06-22."",
    ""confidence"": 0.87
  }
]
","{
  ""summary"": ""The document verification step confirmed that all submitted documents including FIR, repair estimate, and insurance proof were valid. However, the claim was rejected at the eligibility checking stage because the policy was inactive on the date of the accident (2025-06-20), with the policy only starting from 2025-06-22."",
  ""decision"": {
    ""Final decision"": ""rejected"",
    ""Amount payable"": 0,
    ""reason"": ""The insurance policy was not active at the time of the accident, making the claim ineligible.""
  }
}
"
Outpatient Procedure Claim,HLT-2002,1/1/2025,12/31/2025,Health Insurance (Major Medical Plan),6/10/2025,3000,TRUE,"{'document_verification_agent': ['submitted_documents_completeness: All required documents, such as medical bills, medical records, and proof of payment, must be provided.', 'authenticity_check: Submitted documents must be genuine and free from tampering or forgery.', 'duplicate_document_check: Ensure that no duplicate bills or records are submitted for the same service.', 'provider_details_verification: Verify that provider information (e.g., hospital or surgeon) on submitted documents matches official records.', 'service_date_verification: Confirm that the service dates on documents are clearly stated and align with the claimed event.'], 'eligibility_checker_agent': ['policy_active_status: The policy must be active with premiums paid at the time of the claimed service.', 'coverage_scope_check: Verify that the claimed service is covered under the Major Medical Plan.', 'network_status_verification: Confirm whether the provider is in-network for the policy, as this may impact eligibility or benefit levels.', 'medical_necessity_review: Confirm the medical necessity of the claimed procedure based on submitted medical records.', 'claim_timing_check: Ensure that the claim submission is within the allowable time frame defined in the policy.'], 'fraud_checker_agent': ['duplicate_claim_review: Investigate if identical or overlapping claims for the same service have been previously submitted.', 'inconsistency_detection: Check for inconsistencies between submitted documents (e.g., mismatched dates or amounts).', 'provider_verification: Confirm that the listed provider exists and is not a fabricated entity.', ""service_reasonability_check: Evaluate whether the claimed medical services align with the policyholder's medical history and condition."", 'coverage_expiration_fraud_check: Investigate claims submitted for services rendered after the policy expiration date.']}","['document_verification_agent - submitted_documents_completeness: The required documents are complete, as inferred from the valid claim status.', 'document_verification_agent - authenticity_check: Submitted documents are genuine and untampered, as inferred from the valid claim status.', 'document_verification_agent - duplicate_document_check: No duplicate bills or records submitted, as inferred from the valid claim status.', 'document_verification_agent - provider_details_verification: Provider information matches official records, as inferred from the valid claim status.', 'document_verification_agent - service_date_verification: Service dates on documents align with the claimed event, as inferred from the valid claim status.', 'fraud_checker_agent - duplicate_claim_review: No identical claims for the same service were submitted, as inferred from the valid claim status.', 'fraud_checker_agent - inconsistency_detection: No inconsistencies between submitted documents, as inferred from the valid claim status.', 'fraud_checker_agent - provider_verification: The listed provider exists and is valid, as inferred from the valid claim status.', ""fraud_checker_agent - service_reasonability_check: The claimed medical services align with the policyholder's medical history and condition, as inferred from the valid claim status."", 'fraud_checker_agent - coverage_expiration_fraud_check: No services were rendered after the policy expiration date, as inferred from the valid claim status.', 'eligibility_checker_agent - medical_necessity_review: The claimed procedure is medically necessary, as inferred from the valid claim status.', ""eligibility_checker_agent - network_status_verification: The provider's network eligibility was sufficient for the claim, as inferred from the valid claim status."", 'eligibility_checker_agent - claim_timing_check: The claim submission was within the allowable time frame, as inferred from the valid claim status.']",colonoscopy_bill.pdf,C:\Pranav\claim_documents\colonoscopy_bill.pdf,Medical,,
Mid-level Fraud,VHC-1003,1/1/2025,12/31/2025,Auto Insurance (Collision Coverage),6/9/2025,15000,FALSE,"{'document_verification_agent': ['police_report_validity: The police report must be complete and legible.', 'photos_authenticity: Photographic evidence of the damage must be recent and consistent with the reported incident.', 'repair_estimate_validity: Repair estimates must be provided with details from recognized service providers.', ""proof_of_insurance_validity: The submitted proof of insurance must match the policyholder's information and be current.""], 'eligibility_checker_agent': ['policy_active_status: The policy must be active with all premiums paid up to date at the time of the incident.', 'coverage_compliance: The damages claimed must fall under collision coverage as outlined in the policy terms.', 'incident_date_verification: The incident must occur within the covered policy period.', 'driver_eligibility: The driver involved in the incident must be authorized and covered by the policy.'], 'fraud_checker_agent': ['damage_consistency: The claimed damages must align with the police report and photographic evidence.', 'repair_estimate_inconsistencies: Flag repair estimates that include damage not documented in the police report or photos.', 'duplicate_claim_prevention: Check for prior submissions of similar claims by the policyholder.', 'incident_veracity: Verify that the reported incident details are not fabricated or exaggerated using external data and patterns.']}","[""document_verification_agent - police_report_validity: The rule may have failed, contributing to the claim's invalidity."", ""document_verification_agent - photos_authenticity: The rule may have failed, contributing to the claim's invalidity."", ""document_verification_agent - repair_estimate_validity: The rule may have failed, contributing to the claim's invalidity."", ""document_verification_agent - proof_of_insurance_validity: The rule may have failed, contributing to the claim's invalidity."", ""fraud_checker_agent - damage_consistency: The rule may have failed, contributing to the claim's invalidity."", ""fraud_checker_agent - repair_estimate_inconsistencies: The rule may have failed, contributing to the claim's invalidity."", ""fraud_checker_agent - duplicate_claim_prevention: The rule may have failed, contributing to the claim's invalidity."", ""fraud_checker_agent - incident_veracity: The rule may have failed, contributing to the claim's invalidity."", ""eligibility_checker_agent - driver_eligibility: The rule may have failed, contributing to the claim's invalidity.""]",repair_estimate_exaggerated.pdf,C:\Pranav\claim_documents\repair_estimate_exaggerated.pdf,Vehicle,"[
  {
    ""timestamp"": ""2025-06-26T16:45:00"",
    ""claim_id"": ""VHC-1003"",
    ""step"": ""document_verification_agent"",
    ""status"": ""failed"",
    ""reason"": ""Required documents such as FIR copy and repair estimate are missing or invalid. Without these, the claim cannot be evaluated."",
    ""confidence"": 0.85
  }
]
","{
  ""summary"": ""The Document Verification Agent failed due to missing or invalid documents, specifically the FIR copy and repair estimate. Because these critical documents were not provided or deemed invalid, the claim could not proceed to further evaluation stages."",
  ""decision"": {
    ""Final decision"": ""rejected"",
    ""Amount payable"": 0,
    ""reason"": ""Claim rejected as essential documents like FIR and repair estimate were missing or invalid during document verification.""
  }
}
"
